<assembly
	xmlns="http://maven.apache.org/plugins/maven-assembly-plugin/assembly/1.1.0"
	xmlns:xsi="http://www.w3.org/2001/XMLSchema-instance"
	xsi:schemaLocation="http://maven.apache.org/plugins/maven-assembly-plugin/assembly/1.1.0 http://maven.apache.org/xsd/assembly-1.1.0.xsd">
	<id>sova-assembly</id>
	<formats>
		<format>zip</format>
	</formats>
	<includeBaseDirectory>false</includeBaseDirectory>
	<dependencySets>
		<dependencySet>
			<outputDirectory>/java/lib</outputDirectory>
			<useProjectArtifact>true</useProjectArtifact>
			<excludes>
				<exclude>javax.servlet:servlet-api</exclude>
			</excludes>
			<scope>runtime</scope>
		</dependencySet>
	</dependencySets>
</assembly>